{
    "accuracy": 0.9102564102564102,
    "precision": 0.9195216548157725,
    "recall": 0.9102564102564102,
    "f1_score": 0.9074519230769231,
    "confusion_matrix": [
        [
            180,
            54
        ],
        [
            2,
            388
        ]
    ]
}